{
    "name": "root",
    "gauges": {
        "MoveAgent.Policy.Entropy.mean": {
            "value": 0.321146696805954,
            "min": 0.3064415454864502,
            "max": 2.166360378265381,
            "count": 100
        },
        "MoveAgent.Policy.Entropy.sum": {
            "value": 6428.072265625,
            "min": 6142.0078125,
            "max": 43693.32421875,
            "count": 100
        },
        "MoveAgent.Environment.EpisodeLength.mean": {
            "value": 57.67836257309941,
            "min": 54.977591036414566,
            "max": 728.6129032258065,
            "count": 100
        },
        "MoveAgent.Environment.EpisodeLength.sum": {
            "value": 19726.0,
            "min": 15149.0,
            "max": 22587.0,
            "count": 100
        },
        "MoveAgent.Policy.ExtrinsicValueEstimate.mean": {
            "value": 1.2433125972747803,
            "min": 0.04252641648054123,
            "max": 1.250997543334961,
            "count": 100
        },
        "MoveAgent.Policy.ExtrinsicValueEstimate.sum": {
            "value": 425.212890625,
            "min": 7.314543724060059,
            "max": 443.7279052734375,
            "count": 100
        },
        "MoveAgent.Environment.CumulativeReward.mean": {
            "value": 2.1429825099239572,
            "min": 0.35000001390775043,
            "max": 2.144281572086021,
            "count": 100
        },
        "MoveAgent.Environment.CumulativeReward.sum": {
            "value": 732.9000183939934,
            "min": 8.40000033378601,
            "max": 752.1000174283981,
            "count": 100
        },
        "MoveAgent.Policy.ExtrinsicReward.mean": {
            "value": 2.1429825099239572,
            "min": 0.35000001390775043,
            "max": 2.144281572086021,
            "count": 100
        },
        "MoveAgent.Policy.ExtrinsicReward.sum": {
            "value": 732.9000183939934,
            "min": 8.40000033378601,
            "max": 752.1000174283981,
            "count": 100
        },
        "MoveAgent.Losses.PolicyLoss.mean": {
            "value": 0.06378649425654051,
            "min": 0.06316576127622588,
            "max": 0.07446839867431361,
            "count": 100
        },
        "MoveAgent.Losses.PolicyLoss.sum": {
            "value": 0.6378649425654052,
            "min": 0.5113031077861321,
            "max": 0.7446839867431361,
            "count": 100
        },
        "MoveAgent.Losses.ValueLoss.mean": {
            "value": 0.00556247817936916,
            "min": 0.0018175300107620544,
            "max": 0.02418923093851104,
            "count": 100
        },
        "MoveAgent.Losses.ValueLoss.sum": {
            "value": 0.055624781793691604,
            "min": 0.014540240086096435,
            "max": 0.2329706585345169,
            "count": 100
        },
        "MoveAgent.Policy.LearningRate.mean": {
            "value": 1.5483994839000079e-06,
            "min": 1.5483994839000079e-06,
            "max": 0.00029843396302201247,
            "count": 100
        },
        "MoveAgent.Policy.LearningRate.sum": {
            "value": 1.548399483900008e-05,
            "min": 1.548399483900008e-05,
            "max": 0.0029247952750682494,
            "count": 100
        },
        "MoveAgent.Policy.Epsilon.mean": {
            "value": 0.1005161,
            "min": 0.1005161,
            "max": 0.1994779875,
            "count": 100
        },
        "MoveAgent.Policy.Epsilon.sum": {
            "value": 1.005161,
            "min": 0.9135298,
            "max": 1.97493175,
            "count": 100
        },
        "MoveAgent.Policy.Beta.mean": {
            "value": 3.575339000000013e-05,
            "min": 3.575339000000013e-05,
            "max": 0.00497395157625,
            "count": 100
        },
        "MoveAgent.Policy.Beta.sum": {
            "value": 0.00035753390000000133,
            "min": 0.00035753390000000133,
            "max": 0.048749094325,
            "count": 100
        },
        "MoveAgent.IsTraining.mean": {
            "value": 1.0,
            "min": 1.0,
            "max": 1.0,
            "count": 100
        },
        "MoveAgent.IsTraining.sum": {
            "value": 1.0,
            "min": 1.0,
            "max": 1.0,
            "count": 100
        }
    },
    "metadata": {
        "timer_format_version": "0.1.0",
        "start_time_seconds": "1629529895",
        "python_version": "3.7.9 (tags/v3.7.9:13c94747c7, Aug 17 2020, 18:58:18) [MSC v.1900 64 bit (AMD64)]",
        "command_line_arguments": "C:\\Users\\black\\AppData\\Local\\Programs\\Python\\Python37\\Scripts\\mlagents-learn config/MoveAgent.yaml --run-id=grayscale64",
        "mlagents_version": "0.25.0",
        "mlagents_envs_version": "0.25.0",
        "communication_protocol_version": "1.5.0",
        "pytorch_version": "1.7.1+cu110",
        "numpy_version": "1.20.2",
        "end_time_seconds": "1629539150"
    },
    "total": 9252.9552738,
    "count": 1,
    "self": 0.01873879999948258,
    "children": {
        "run_training.setup": {
            "total": 0.3126451999999995,
            "count": 1,
            "self": 0.3126451999999995
        },
        "TrainerController.start_learning": {
            "total": 9252.623889800001,
            "count": 1,
            "self": 6.730811699946571,
            "children": {
                "TrainerController._reset_env": {
                    "total": 7.789748600000001,
                    "count": 1,
                    "self": 7.789748600000001
                },
                "TrainerController.advance": {
                    "total": 9237.931402700055,
                    "count": 245736,
                    "self": 3.3895741000069393,
                    "children": {
                        "env_step": {
                            "total": 9234.541828600048,
                            "count": 245736,
                            "self": 7981.663877000038,
                            "children": {
                                "SubprocessEnvManager._take_step": {
                                    "total": 1248.1276923999171,
                                    "count": 245736,
                                    "self": 14.614588099838329,
                                    "children": {
                                        "TorchPolicy.evaluate": {
                                            "total": 1233.5131043000788,
                                            "count": 222253,
                                            "self": 408.3803318001063,
                                            "children": {
                                                "TorchPolicy.sample_actions": {
                                                    "total": 825.1327724999725,
                                                    "count": 222253,
                                                    "self": 825.1327724999725
                                                }
                                            }
                                        }
                                    }
                                },
                                "workers": {
                                    "total": 4.750259200092437,
                                    "count": 245736,
                                    "self": 0.0,
                                    "children": {
                                        "worker_root": {
                                            "total": 9239.50618099995,
                                            "count": 245736,
                                            "is_parallel": true,
                                            "self": 1849.741026699985,
                                            "children": {
                                                "steps_from_proto": {
                                                    "total": 0.02276959999999928,