{"cameraMode":{"drawMode":0,"name":"Shaded","section":"Shading Mode"},"sceneLighting":true,"audioPlay":false,"sceneViewState":{"showFog":true,"showMaterialUpdate":false,"showSkybox":true,"showFlares":true,"showImageEffects":true,"showParticleSystems":true},"in2DMode":false,"pivot":{"x":-2.506531238555908,"y":9.14794635772705,"z":-1.6926765441894532},"rotation":{"x":0.3058112561702728,"y":-0.015152164734899998,"z":0.0048749069683253769,"w":0.9520010948181152},"size":21.370372772216798,"orthographic":false}