{"cameraMode":{"drawMode":0,"name":"Shaded","section":"Shading Mode"},"sceneLighting":false,"audioPlay":false,"sceneViewState":{"showFog":true,"showMaterialUpdate":false,"showSkybox":false,"showFlares":true,"showImageEffects":true,"showParticleSystems":true},"in2DMode":false,"pivot":{"x":-12.577652931213379,"y":-16.919097900390626,"z":-57.49266052246094},"rotation":{"x":0.021402951329946519,"y":-0.9781908988952637,"z":0.1601882427930832,"w":0.1307532787322998},"size":29.140838623046876,"orthographic":false}